{"schemaVersion":"1.0","appDefinitionTemplate":{"id":"/providers/Microsoft.PowerApps/apps/","type":"Microsoft.PowerApps/apps","tags":{"primaryDeviceWidth":"1366","primaryDeviceHeight":"768","supportsPortrait":"true","supportsLandscape":"true","primaryFormFactor":"Tablet","showStatusBar":"false","publisherVersion":"3.24034.17","minimumRequiredApiVersion":"2.2.0","hasComponent":"true","hasUnlockedComponent":"true","isUnifiedRootApp":"false","offlineLargeFilesSupport":"false","sienaVersion":"20240410T134948Z-3.24034.17.0"},"properties":{"appVersion":"2024-04-10T13:49:48Z","lifeCycleId":"Published","createdByClientVersion":{"major":3,"minor":24034,"build":17,"revision":0,"majorRevision":0,"minorRevision":0},"minClientVersion":{"major":3,"minor":24034,"build":17,"revision":0,"majorRevision":0,"minorRevision":0},"backgroundColor":"RGBA(0,176,240,1)","backgroundImageUri":"/5831970293541157116/N37138b10-3d03-4de4-b303-33515c16d0f1-logoSmallFile","displayName":"App_GymTrend_Tablet","description":"","commitMessage":"","appUris":{"documentUri":{"value":"/5831970293541157116/N58a41c10-3d34-47eb-8cd0-ffe0174a12ce-document.msapp"},"imageUris":[],"additionalUris":[{"isSolutionAware":false,"value":"/5831970293541157116/Nb85c5d08-c88d-49b2-b784-adadb8404f9d-identity.json"}]},"createdTime":"0001-01-01T00:00:00Z","lastModifiedTime":"0001-01-01T00:00:00Z","sharedGroupsCount":0,"sharedUsersCount":0,"connectionReferences":{},"authorizationReferences":[{"resourceId":"powerbi"}],"databaseReferences":{"default.cds":{"databaseDetails":{"referenceType":"Environmental","environmentName":"default.cds","overrideValues":{"status":"NotSpecified","environmentVariableName":""}},"dataSources":{"Users_Info":{"entitySetName":"crfe1_usersinfos","logicalName":"crfe1_usersinfo","isHidden":false},"ItemsRegisters":{"entitySetName":"crfe1_itemsregisters","logicalName":"crfe1_itemsregister","isHidden":false},"Manutencaos":{"entitySetName":"crfe1_manutencaos","logicalName":"crfe1_manutencao","isHidden":false}},"actions":["providers/PowerPlatform.Governance/Operations/Read","providers/PowerPlatform.Governance/Operations/Write","providers/PowerPlatform.Governance/Operations/Delete"]}},"almMode":"Environment","performanceOptimizationEnabled":true,"canConsumeAppPass":true,"enableModernRuntimeMode":false,"executionRestrictions":{"isTeamsOnly":false,"dataLossPreventionEvaluationResult":{"status":"Compliant","lastEvaluationDate":"2024-03-13T15:27:37.1368762Z","violations":[],"violationsByPolicy":[],"violationErrorMessage":"The app uses the following connectors: ."}}},"appType":"ClassicCanvasApp","appComponents":[]}}